,Variable,Model,Zone,Type,Correlation
0,Iron,ACCESS-ESM1-5,Inc,Correlation,0.0786372655913917
1,Iron,ACCESS-ESM1-5,Dec,Correlation,0.6512913265525507
2,NPP,ACCESS-ESM1-5,Inc,Correlation,0.962277274071306
3,NPP,ACCESS-ESM1-5,Dec,Correlation,0.9739683806511334
4,MLD,ACCESS-ESM1-5,Inc,Correlation,-0.0019121542009715
5,MLD,ACCESS-ESM1-5,Dec,Correlation,-0.6132287411831046
6,Nitrate,ACCESS-ESM1-5,Inc,Correlation,-0.202289114311721
7,Nitrate,ACCESS-ESM1-5,Dec,Correlation,0.1625164871516019
8,PAR,ACCESS-ESM1-5,Inc,Correlation,0.2326014133097863
9,PAR,ACCESS-ESM1-5,Dec,Correlation,0.3151947485442137
10,Sea ice fraction,ACCESS-ESM1-5,Inc,Correlation,0.1971788764654803
11,Sea ice fraction,ACCESS-ESM1-5,Dec,Correlation,-0.4134828734496977
12,SST,ACCESS-ESM1-5,Inc,Correlation,-0.221233070452195
13,SST,ACCESS-ESM1-5,Dec,Correlation,0.5024733200604897
14,Iron,CMCC-ESM2,Inc,Correlation,0.4708335673249177
15,Iron,CMCC-ESM2,Dec,Correlation,0.10620818864457
16,NPP,CMCC-ESM2,Inc,Correlation,0.4163049075548552
17,NPP,CMCC-ESM2,Dec,Correlation,0.5434132484871611
18,Diatom,CMCC-ESM2,Inc,Correlation,0.4436346948499833
19,Diatom,CMCC-ESM2,Dec,Correlation,0.5802825351993297
20,MLD,CMCC-ESM2,Inc,Correlation,0.0905792093354563
21,MLD,CMCC-ESM2,Dec,Correlation,-0.0843053201900099
22,Nitrate,CMCC-ESM2,Inc,Correlation,0.1766878293696112
23,Nitrate,CMCC-ESM2,Dec,Correlation,-0.0698273532382272
24,PAR,CMCC-ESM2,Inc,Correlation,0.3502330230972591
25,PAR,CMCC-ESM2,Dec,Correlation,0.3935828438072293
26,Sea ice fraction,CMCC-ESM2,Inc,Correlation,0.1338000619732675
27,Sea ice fraction,CMCC-ESM2,Dec,Correlation,0.3977654254701572
28,SST,CMCC-ESM2,Inc,Correlation,-0.1206587592687078
29,SST,CMCC-ESM2,Dec,Correlation,-0.4463029342880157
30,NPP,EC-Earth3-CC,Inc,Correlation,0.9294047569448036
31,NPP,EC-Earth3-CC,Dec,Correlation,0.6710875180504838
32,Diatom,EC-Earth3-CC,Inc,Correlation,0.9392038196222998
33,Diatom,EC-Earth3-CC,Dec,Correlation,0.7225648972854022
34,MLD,EC-Earth3-CC,Inc,Correlation,0.3935320900665567
35,MLD,EC-Earth3-CC,Dec,Correlation,-0.0307741848875385
36,Nitrate,EC-Earth3-CC,Inc,Correlation,0.1534409474590953
37,Nitrate,EC-Earth3-CC,Dec,Correlation,-0.0001077397901508
38,PAR,EC-Earth3-CC,Inc,Correlation,0.7354684356011187
39,PAR,EC-Earth3-CC,Dec,Correlation,0.2077619065936093
40,Sea ice fraction,EC-Earth3-CC,Inc,Correlation,0.1311688848385969
41,Sea ice fraction,EC-Earth3-CC,Dec,Correlation,0.1319897042102473
42,SST,EC-Earth3-CC,Inc,Correlation,0.2880581138004005
43,SST,EC-Earth3-CC,Dec,Correlation,-0.1560793836899591
44,Iron,IPSL-CM6A-LR,Inc,Correlation,0.0600939782162466
45,Iron,IPSL-CM6A-LR,Dec,Correlation,0.2946436966408925
46,NPP,IPSL-CM6A-LR,Inc,Correlation,0.9741682553463296
47,NPP,IPSL-CM6A-LR,Dec,Correlation,0.5852988570780642
48,Diatom,IPSL-CM6A-LR,Inc,Correlation,0.9825826579497884
49,Diatom,IPSL-CM6A-LR,Dec,Correlation,0.6996811370968324
50,MLD,IPSL-CM6A-LR,Inc,Correlation,-0.2616796832167464
51,MLD,IPSL-CM6A-LR,Dec,Correlation,0.1161415584840409
52,Nitrate,IPSL-CM6A-LR,Inc,Correlation,-0.5774355356738985
53,Nitrate,IPSL-CM6A-LR,Dec,Correlation,-0.1238528919980403
54,PAR,IPSL-CM6A-LR,Inc,Correlation,0.785264740751271
55,PAR,IPSL-CM6A-LR,Dec,Correlation,0.0318414656661568
56,Sea ice fraction,IPSL-CM6A-LR,Inc,Correlation,0.3356978171366293
57,Sea ice fraction,IPSL-CM6A-LR,Dec,Correlation,-0.0718248311560846
58,SST,IPSL-CM6A-LR,Inc,Correlation,-0.3273078965318785
59,SST,IPSL-CM6A-LR,Dec,Correlation,0.0007815403744931
60,Iron,MPI-ESM1-2-HR,Inc,Correlation,-0.6443990675520935
61,Iron,MPI-ESM1-2-HR,Dec,Correlation,-0.4797560866331964
62,NPP,MPI-ESM1-2-HR,Inc,Correlation,0.8968037211224348
63,NPP,MPI-ESM1-2-HR,Dec,Correlation,0.7466072125305709
64,MLD,MPI-ESM1-2-HR,Inc,Correlation,0.0048249335859549
65,MLD,MPI-ESM1-2-HR,Dec,Correlation,-0.062673049988077
66,Nitrate,MPI-ESM1-2-HR,Inc,Correlation,-0.6121908605267705
67,Nitrate,MPI-ESM1-2-HR,Dec,Correlation,-0.4801022912222876
68,PAR,MPI-ESM1-2-HR,Inc,Correlation,0.7770288319073767
69,PAR,MPI-ESM1-2-HR,Dec,Correlation,0.3292013844180584
70,Sea ice fraction,MPI-ESM1-2-HR,Inc,Correlation,0.2437865724676776
71,Sea ice fraction,MPI-ESM1-2-HR,Dec,Correlation,0.1043153991027016
72,SST,MPI-ESM1-2-HR,Inc,Correlation,0.088260984306036
73,SST,MPI-ESM1-2-HR,Dec,Correlation,0.0844198896436505
74,Export,EC-Earth3-CC,Inc,Correlation,
75,Export,EC-Earth3-CC,Dec,Correlation,
76,Export,MPI-ESM1-2-HR,Inc,Correlation,
77,Export,MPI-ESM1-2-HR,Dec,Correlation,
78,Export,ACCESS-ESM1-5,Inc,Correlation,
79,Export,ACCESS-ESM1-5,Dec,Correlation,
80,Export,CMCC-ESM2,Inc,Correlation,
81,Export,CMCC-ESM2,Dec,Correlation,
82,Export,IPSL-CM6A-LR,Inc,Correlation,
83,Export,IPSL-CM6A-LR,Dec,Correlation,
84,Iron,ACCESS-ESM1-5,Inc,Kendall,0.0879300444238286
85,Iron,ACCESS-ESM1-5,Dec,Kendall,0.5054503729202524
86,NPP,ACCESS-ESM1-5,Inc,Kendall,0.9193238479375996
87,NPP,ACCESS-ESM1-5,Dec,Kendall,0.8668961560527826
88,MLD,ACCESS-ESM1-5,Inc,Kendall,-0.2499949279704776
89,MLD,ACCESS-ESM1-5,Dec,Kendall,-0.4268502581755594
90,Nitrate,ACCESS-ESM1-5,Inc,Kendall,-0.3749013803026231
91,Nitrate,ACCESS-ESM1-5,Dec,Kendall,0.0917957544463568
92,PAR,ACCESS-ESM1-5,Inc,Kendall,0.6980525059200873
93,PAR,ACCESS-ESM1-5,Dec,Kendall,0.1606425702811245
94,Sea ice fraction,ACCESS-ESM1-5,Inc,Kendall,0.4869409529670035
95,Sea ice fraction,ACCESS-ESM1-5,Dec,Kendall,-0.4520940906483075
96,SST,ACCESS-ESM1-5,Inc,Kendall,-0.1929791578902306
97,SST,ACCESS-ESM1-5,Dec,Kendall,0.3958691910499139
98,Iron,CMCC-ESM2,Inc,Kendall,0.3001055929374094
99,Iron,CMCC-ESM2,Dec,Kendall,-0.0061344758849014
100,NPP,CMCC-ESM2,Inc,Kendall,0.5662374806409921
101,NPP,CMCC-ESM2,Dec,Kendall,0.3575995113287813
102,Diatom,CMCC-ESM2,Inc,Kendall,0.5969140409537811
103,Diatom,CMCC-ESM2,Dec,Kendall,0.3965953876219232
104,MLD,CMCC-ESM2,Inc,Kendall,-0.0077194033017959
105,MLD,CMCC-ESM2,Dec,Kendall,-0.0186990650467476
106,Nitrate,CMCC-ESM2,Inc,Kendall,0.0886079601383364
107,Nitrate,CMCC-ESM2,Dec,Kendall,-0.0365351297652508
108,PAR,CMCC-ESM2,Inc,Kendall,0.2510008800622657
109,PAR,CMCC-ESM2,Dec,Kendall,0.2737776154670527
110,Sea ice fraction,CMCC-ESM2,Inc,Kendall,0.1588927295005835
111,Sea ice fraction,CMCC-ESM2,Dec,Kendall,0.3992877147790922
112,SST,CMCC-ESM2,Inc,Kendall,-0.1413316047001575
113,SST,CMCC-ESM2,Dec,Kendall,-0.3044891233699184
114,NPP,EC-Earth3-CC,Inc,Kendall,0.7172274628668635
115,NPP,EC-Earth3-CC,Dec,Kendall,0.4347175874428377
116,Diatom,EC-Earth3-CC,Inc,Kendall,0.7174697990510347
117,Diatom,EC-Earth3-CC,Dec,Kendall,0.476420302393606
118,MLD,EC-Earth3-CC,Inc,Kendall,0.2958354605944998
119,MLD,EC-Earth3-CC,Dec,Kendall,-0.0183228278333951
120,Nitrate,EC-Earth3-CC,Inc,Kendall,0.0603939784473906
121,Nitrate,EC-Earth3-CC,Dec,Kendall,0.006146747414823
122,PAR,EC-Earth3-CC,Inc,Kendall,0.507689554148938
123,PAR,EC-Earth3-CC,Dec,Kendall,0.1081015943641082
124,Sea ice fraction,EC-Earth3-CC,Inc,Kendall,0.2232226935117565
125,Sea ice fraction,EC-Earth3-CC,Dec,Kendall,0.0395868009287633
126,SST,EC-Earth3-CC,Inc,Kendall,0.1331558312943973
127,SST,EC-Earth3-CC,Dec,Kendall,-0.0382606187945453
128,Iron,IPSL-CM6A-LR,Inc,Kendall,0.1718975770691484
129,Iron,IPSL-CM6A-LR,Dec,Kendall,0.1940486148351616
130,NPP,IPSL-CM6A-LR,Inc,Kendall,0.5616022857405165
131,NPP,IPSL-CM6A-LR,Dec,Kendall,0.4159092345990329
132,Diatom,IPSL-CM6A-LR,Inc,Kendall,0.660635276451566
133,Diatom,IPSL-CM6A-LR,Dec,Kendall,0.5023816300472151
134,MLD,IPSL-CM6A-LR,Inc,Kendall,-0.2265490597158751
135,MLD,IPSL-CM6A-LR,Dec,Kendall,0.0616902890863829
136,Nitrate,IPSL-CM6A-LR,Inc,Kendall,-0.4049412172400464
137,Nitrate,IPSL-CM6A-LR,Dec,Kendall,-0.0502677450152305
138,PAR,IPSL-CM6A-LR,Inc,Kendall,0.3792681582449652
139,PAR,IPSL-CM6A-LR,Dec,Kendall,0.0133570035118648
140,Sea ice fraction,IPSL-CM6A-LR,Inc,Kendall,0.3439512861351224
141,Sea ice fraction,IPSL-CM6A-LR,Dec,Kendall,-0.0399558311546898
142,SST,IPSL-CM6A-LR,Inc,Kendall,-0.3003291438113906
143,SST,IPSL-CM6A-LR,Dec,Kendall,0.0176534775012769
144,Iron,MPI-ESM1-2-HR,Inc,Kendall,-0.5032107077475466
145,Iron,MPI-ESM1-2-HR,Dec,Kendall,-0.3138905967223591
146,NPP,MPI-ESM1-2-HR,Inc,Kendall,0.7098263026969485
147,NPP,MPI-ESM1-2-HR,Dec,Kendall,0.5876217012021616
148,MLD,MPI-ESM1-2-HR,Inc,Kendall,-0.058724278010205
149,MLD,MPI-ESM1-2-HR,Dec,Kendall,-0.0612804242750566
150,Nitrate,MPI-ESM1-2-HR,Inc,Kendall,-0.4810384853081029
151,Nitrate,MPI-ESM1-2-HR,Dec,Kendall,-0.3191551252153892
152,PAR,MPI-ESM1-2-HR,Inc,Kendall,0.5484293545087108
153,PAR,MPI-ESM1-2-HR,Dec,Kendall,0.1779823167160079
154,Sea ice fraction,MPI-ESM1-2-HR,Inc,Kendall,0.1262964806271978
155,Sea ice fraction,MPI-ESM1-2-HR,Dec,Kendall,0.0110320231741527
156,SST,MPI-ESM1-2-HR,Inc,Kendall,0.1052985949887157
157,SST,MPI-ESM1-2-HR,Dec,Kendall,0.0818847480796565
158,Export,EC-Earth3-CC,Inc,Kendall,
159,Export,EC-Earth3-CC,Dec,Kendall,
160,Export,MPI-ESM1-2-HR,Inc,Kendall,
161,Export,MPI-ESM1-2-HR,Dec,Kendall,
162,Export,ACCESS-ESM1-5,Inc,Kendall,
163,Export,ACCESS-ESM1-5,Dec,Kendall,
164,Export,CMCC-ESM2,Inc,Kendall,
165,Export,CMCC-ESM2,Dec,Kendall,
166,Export,IPSL-CM6A-LR,Inc,Kendall,
167,Export,IPSL-CM6A-LR,Dec,Kendall,
168,Iron,ACCESS-ESM1-5,Inc,Correlation_ice,0.2193097530980797
169,Iron,ACCESS-ESM1-5,Dec,Correlation_ice,-0.2010761600112902
170,NPP,ACCESS-ESM1-5,Inc,Correlation_ice,0.2731902028641144
171,NPP,ACCESS-ESM1-5,Dec,Correlation_ice,-0.3608235380357454
172,MLD,ACCESS-ESM1-5,Inc,Correlation_ice,-0.3623411669321777
173,MLD,ACCESS-ESM1-5,Dec,Correlation_ice,0.0414453493278079
174,Nitrate,ACCESS-ESM1-5,Inc,Correlation_ice,-0.554403193161098
175,Nitrate,ACCESS-ESM1-5,Dec,Correlation_ice,-0.0989675770419503
176,PAR,ACCESS-ESM1-5,Inc,Correlation_ice,0.5054096078929701
177,PAR,ACCESS-ESM1-5,Dec,Correlation_ice,0.0767678229321092
178,Sea ice fraction,ACCESS-ESM1-5,Inc,Correlation_ice,
179,Sea ice fraction,ACCESS-ESM1-5,Dec,Correlation_ice,
180,SST,ACCESS-ESM1-5,Inc,Correlation_ice,-0.7808619091673642
181,SST,ACCESS-ESM1-5,Dec,Correlation_ice,-0.818554101321937
182,Iron,CMCC-ESM2,Inc,Correlation_ice,0.0926480881074951
183,Iron,CMCC-ESM2,Dec,Correlation_ice,-0.4885565620657436
184,NPP,CMCC-ESM2,Inc,Correlation_ice,0.0600819419067357
185,NPP,CMCC-ESM2,Dec,Correlation_ice,0.3086263395621562
186,Diatom,CMCC-ESM2,Inc,Correlation_ice,0.083052502205029
187,Diatom,CMCC-ESM2,Dec,Correlation_ice,0.365680056761376
188,MLD,CMCC-ESM2,Inc,Correlation_ice,-0.5000528298266069
189,MLD,CMCC-ESM2,Dec,Correlation_ice,-0.5841786958691197
190,Nitrate,CMCC-ESM2,Inc,Correlation_ice,-0.3223006642558851
191,Nitrate,CMCC-ESM2,Dec,Correlation_ice,-0.6203994328938937
192,PAR,CMCC-ESM2,Inc,Correlation_ice,0.0458250662569597
193,PAR,CMCC-ESM2,Dec,Correlation_ice,0.4890677989243264
194,Sea ice fraction,CMCC-ESM2,Inc,Correlation_ice,
195,Sea ice fraction,CMCC-ESM2,Dec,Correlation_ice,
196,SST,CMCC-ESM2,Inc,Correlation_ice,-0.8738228921158874
197,SST,CMCC-ESM2,Dec,Correlation_ice,-0.902046267355306
198,NPP,EC-Earth3-CC,Inc,Correlation_ice,0.1034111850529706
199,NPP,EC-Earth3-CC,Dec,Correlation_ice,0.2925910232284314
200,Diatom,EC-Earth3-CC,Inc,Correlation_ice,-0.0006570133921781
201,Diatom,EC-Earth3-CC,Dec,Correlation_ice,0.0076730641049678
202,MLD,EC-Earth3-CC,Inc,Correlation_ice,-0.2822374764306226
203,MLD,EC-Earth3-CC,Dec,Correlation_ice,-0.2859311668174213
204,Nitrate,EC-Earth3-CC,Inc,Correlation_ice,-0.5657122361066944
205,Nitrate,EC-Earth3-CC,Dec,Correlation_ice,-0.543791573464646
206,PAR,EC-Earth3-CC,Inc,Correlation_ice,0.356021354539826
207,PAR,EC-Earth3-CC,Dec,Correlation_ice,0.6487933098346005
208,Sea ice fraction,EC-Earth3-CC,Inc,Correlation_ice,
209,Sea ice fraction,EC-Earth3-CC,Dec,Correlation_ice,
210,SST,EC-Earth3-CC,Inc,Correlation_ice,-0.4069368654909918
211,SST,EC-Earth3-CC,Dec,Correlation_ice,-0.3377199449893018
212,Iron,IPSL-CM6A-LR,Inc,Correlation_ice,0.3807111107423391
213,Iron,IPSL-CM6A-LR,Dec,Correlation_ice,0.2110159627014515
214,NPP,IPSL-CM6A-LR,Inc,Correlation_ice,0.2986718619636689
215,NPP,IPSL-CM6A-LR,Dec,Correlation_ice,-0.1537281837511119
216,Diatom,IPSL-CM6A-LR,Inc,Correlation_ice,0.3425159165982692
217,Diatom,IPSL-CM6A-LR,Dec,Correlation_ice,0.1766230795818653
218,MLD,IPSL-CM6A-LR,Inc,Correlation_ice,-0.5851642636515785
219,MLD,IPSL-CM6A-LR,Dec,Correlation_ice,-0.5922266821617775
220,Nitrate,IPSL-CM6A-LR,Inc,Correlation_ice,-0.6884884786807607
221,Nitrate,IPSL-CM6A-LR,Dec,Correlation_ice,-0.4505008424099015
222,PAR,IPSL-CM6A-LR,Inc,Correlation_ice,0.3855822867169869
223,PAR,IPSL-CM6A-LR,Dec,Correlation_ice,0.2580409511285627
224,Sea ice fraction,IPSL-CM6A-LR,Inc,Correlation_ice,
225,Sea ice fraction,IPSL-CM6A-LR,Dec,Correlation_ice,
226,SST,IPSL-CM6A-LR,Inc,Correlation_ice,-0.870868594553481
227,SST,IPSL-CM6A-LR,Dec,Correlation_ice,-0.8577932767870617
228,Iron,MPI-ESM1-2-HR,Inc,Correlation_ice,-0.403618349259529
229,Iron,MPI-ESM1-2-HR,Dec,Correlation_ice,-0.5594374809562229
230,NPP,MPI-ESM1-2-HR,Inc,Correlation_ice,0.283342263416168
231,NPP,MPI-ESM1-2-HR,Dec,Correlation_ice,0.1342899603626782
232,MLD,MPI-ESM1-2-HR,Inc,Correlation_ice,-0.5690691506614097
233,MLD,MPI-ESM1-2-HR,Dec,Correlation_ice,-0.7468874562284677
234,Nitrate,MPI-ESM1-2-HR,Inc,Correlation_ice,-0.4181695940963847
235,Nitrate,MPI-ESM1-2-HR,Dec,Correlation_ice,-0.5456117820678481
236,PAR,MPI-ESM1-2-HR,Inc,Correlation_ice,0.4546445130142412
237,PAR,MPI-ESM1-2-HR,Dec,Correlation_ice,0.051719887560406
238,Sea ice fraction,MPI-ESM1-2-HR,Inc,Correlation_ice,
239,Sea ice fraction,MPI-ESM1-2-HR,Dec,Correlation_ice,
240,SST,MPI-ESM1-2-HR,Inc,Correlation_ice,-0.7717199564308256
241,SST,MPI-ESM1-2-HR,Dec,Correlation_ice,-0.8319789595633476
242,Export,EC-Earth3-CC,Inc,Correlation_ice,0.1311689047865261
243,Export,EC-Earth3-CC,Dec,Correlation_ice,0.1319899616904908
244,Export,MPI-ESM1-2-HR,Inc,Correlation_ice,0.2437865511149437
245,Export,MPI-ESM1-2-HR,Dec,Correlation_ice,0.1043153541447132
246,Export,ACCESS-ESM1-5,Inc,Correlation_ice,0.1971788946262474
247,Export,ACCESS-ESM1-5,Dec,Correlation_ice,-0.4134824622198385
248,Export,CMCC-ESM2,Inc,Correlation_ice,0.1338000736988051
249,Export,CMCC-ESM2,Dec,Correlation_ice,0.3977653787187541
250,Export,IPSL-CM6A-LR,Inc,Correlation_ice,0.3356978171366293
251,Export,IPSL-CM6A-LR,Dec,Correlation_ice,-0.0718248341908939
252,Iron,ACCESS-ESM1-5,Inc,Correlation_ice_k,0.2022800623926749
253,Iron,ACCESS-ESM1-5,Dec,Correlation_ice_k,-0.2352266207687894
254,NPP,ACCESS-ESM1-5,Inc,Correlation_ice_k,0.4569786725147191
255,NPP,ACCESS-ESM1-5,Dec,Correlation_ice_k,-0.4348823866896156
256,MLD,ACCESS-ESM1-5,Inc,Correlation_ice_k,-0.3116494785734256
257,MLD,ACCESS-ESM1-5,Dec,Correlation_ice_k,0.1267928858290304
258,Nitrate,ACCESS-ESM1-5,Inc,Correlation_ice_k,-0.3685960174970754
259,Nitrate,ACCESS-ESM1-5,Dec,Correlation_ice_k,-0.0189328743545611
260,PAR,ACCESS-ESM1-5,Inc,Correlation_ice_k,0.4412242962457176
261,PAR,ACCESS-ESM1-5,Dec,Correlation_ice_k,-0.1772805507745266
262,Sea ice fraction,ACCESS-ESM1-5,Inc,Correlation_ice_k,
263,Sea ice fraction,ACCESS-ESM1-5,Dec,Correlation_ice_k,
264,SST,ACCESS-ESM1-5,Inc,Correlation_ice_k,-0.5929584310809214
265,SST,ACCESS-ESM1-5,Dec,Correlation_ice_k,-0.6775674125071716
266,Iron,CMCC-ESM2,Inc,Correlation_ice_k,0.0377581325522215
267,Iron,CMCC-ESM2,Dec,Correlation_ice_k,-0.3383388155881827
268,NPP,CMCC-ESM2,Inc,Correlation_ice_k,0.1394950948119681
269,NPP,CMCC-ESM2,Dec,Correlation_ice_k,0.2496512640840961
270,Diatom,CMCC-ESM2,Inc,Correlation_ice_k,0.1755698549670306
271,Diatom,CMCC-ESM2,Dec,Correlation_ice_k,0.3022595797628196
272,MLD,CMCC-ESM2,Inc,Correlation_ice_k,-0.3796645117712203
273,MLD,CMCC-ESM2,Dec,Correlation_ice_k,-0.3059707958117422
274,Nitrate,CMCC-ESM2,Inc,Correlation_ice_k,-0.2669829609378353
275,Nitrate,CMCC-ESM2,Dec,Correlation_ice_k,-0.3479642109071864
276,PAR,CMCC-ESM2,Inc,Correlation_ice_k,0.0739947813823986
277,PAR,CMCC-ESM2,Dec,Correlation_ice_k,0.3804579184192739
278,Sea ice fraction,CMCC-ESM2,Inc,Correlation_ice_k,
279,Sea ice fraction,CMCC-ESM2,Dec,Correlation_ice_k,
280,SST,CMCC-ESM2,Inc,Correlation_ice_k,-0.7332636701078983
281,SST,CMCC-ESM2,Dec,Correlation_ice_k,-0.6808630327734109
282,NPP,EC-Earth3-CC,Inc,Correlation_ice_k,0.2157136300670641
283,NPP,EC-Earth3-CC,Dec,Correlation_ice_k,0.2203073579928391
284,Diatom,EC-Earth3-CC,Inc,Correlation_ice_k,0.1179876577245667
285,Diatom,EC-Earth3-CC,Dec,Correlation_ice_k,-0.0062900754617847
286,MLD,EC-Earth3-CC,Inc,Correlation_ice_k,-0.13241869785155
287,MLD,EC-Earth3-CC,Dec,Correlation_ice_k,-0.2592813638705623
288,Nitrate,EC-Earth3-CC,Inc,Correlation_ice_k,-0.3765072113992448
289,Nitrate,EC-Earth3-CC,Dec,Correlation_ice_k,-0.3948906656910122
290,PAR,EC-Earth3-CC,Inc,Correlation_ice_k,0.3816194478529708
291,PAR,EC-Earth3-CC,Dec,Correlation_ice_k,0.5154401657659956
292,Sea ice fraction,EC-Earth3-CC,Inc,Correlation_ice_k,
293,Sea ice fraction,EC-Earth3-CC,Dec,Correlation_ice_k,
294,SST,EC-Earth3-CC,Inc,Correlation_ice_k,-0.2644586477708289
295,SST,EC-Earth3-CC,Dec,Correlation_ice_k,-0.2777658435639774
296,Iron,IPSL-CM6A-LR,Inc,Correlation_ice_k,0.2344219428269774
297,Iron,IPSL-CM6A-LR,Dec,Correlation_ice_k,0.0405932223967599
298,NPP,IPSL-CM6A-LR,Inc,Correlation_ice_k,0.1855230725154675
299,NPP,IPSL-CM6A-LR,Dec,Correlation_ice_k,-0.0467073036112782
300,Diatom,IPSL-CM6A-LR,Inc,Correlation_ice_k,0.3350193725592721
301,Diatom,IPSL-CM6A-LR,Dec,Correlation_ice_k,0.1015291703305946
302,MLD,IPSL-CM6A-LR,Inc,Correlation_ice_k,-0.4048790273914896
303,MLD,IPSL-CM6A-LR,Dec,Correlation_ice_k,-0.3492910904717926
304,Nitrate,IPSL-CM6A-LR,Inc,Correlation_ice_k,-0.5125270485835566
305,Nitrate,IPSL-CM6A-LR,Dec,Correlation_ice_k,-0.2278188518856425
306,PAR,IPSL-CM6A-LR,Inc,Correlation_ice_k,0.2637991926938375
307,PAR,IPSL-CM6A-LR,Dec,Correlation_ice_k,0.2855119568578099
308,Sea ice fraction,IPSL-CM6A-LR,Inc,Correlation_ice_k,
309,Sea ice fraction,IPSL-CM6A-LR,Dec,Correlation_ice_k,
310,SST,IPSL-CM6A-LR,Inc,Correlation_ice_k,-0.7332313690565528
311,SST,IPSL-CM6A-LR,Dec,Correlation_ice_k,-0.6775641357545865
312,Iron,MPI-ESM1-2-HR,Inc,Correlation_ice_k,-0.2531247102423765
313,Iron,MPI-ESM1-2-HR,Dec,Correlation_ice_k,-0.3861528472432037
314,NPP,MPI-ESM1-2-HR,Inc,Correlation_ice_k,0.1573031081644665
315,NPP,MPI-ESM1-2-HR,Dec,Correlation_ice_k,0.0128846618058236
316,MLD,MPI-ESM1-2-HR,Inc,Correlation_ice_k,-0.4271411501120514
317,MLD,MPI-ESM1-2-HR,Dec,Correlation_ice_k,-0.5687438613905096
318,Nitrate,MPI-ESM1-2-HR,Inc,Correlation_ice_k,-0.2586129974940836
319,Nitrate,MPI-ESM1-2-HR,Dec,Correlation_ice_k,-0.3556774812156837
320,PAR,MPI-ESM1-2-HR,Inc,Correlation_ice_k,0.3451891969542488
321,PAR,MPI-ESM1-2-HR,Dec,Correlation_ice_k,0.0103014381989743
322,Sea ice fraction,MPI-ESM1-2-HR,Inc,Correlation_ice_k,
323,Sea ice fraction,MPI-ESM1-2-HR,Dec,Correlation_ice_k,
324,SST,MPI-ESM1-2-HR,Inc,Correlation_ice_k,-0.5796155825475279
325,SST,MPI-ESM1-2-HR,Dec,Correlation_ice_k,-0.6797872073804344
326,Export,EC-Earth3-CC,Inc,Correlation_ice_k,0.2232226935117565
327,Export,EC-Earth3-CC,Dec,Correlation_ice_k,0.0395847071091283
328,Export,MPI-ESM1-2-HR,Inc,Correlation_ice_k,0.1262958881407702
329,Export,MPI-ESM1-2-HR,Dec,Correlation_ice_k,0.0110329839425545
330,Export,ACCESS-ESM1-5,Inc,Correlation_ice_k,0.4869408852421175
331,Export,ACCESS-ESM1-5,Dec,Correlation_ice_k,-0.4520940906483075
332,Export,CMCC-ESM2,Inc,Correlation_ice_k,0.1588928864911349
333,Export,CMCC-ESM2,Dec,Correlation_ice_k,0.3992877147790922
334,Export,IPSL-CM6A-LR,Inc,Correlation_ice_k,0.3439509379692889
335,Export,IPSL-CM6A-LR,Dec,Correlation_ice_k,-0.0399567509111719
336,Iron,ACCESS-ESM1-5,Inc,Correlation_npp,0.1026376809920142
337,Iron,ACCESS-ESM1-5,Dec,Correlation_npp,0.6630606569655147
338,NPP,ACCESS-ESM1-5,Inc,Correlation_npp,
339,NPP,ACCESS-ESM1-5,Dec,Correlation_npp,
340,MLD,ACCESS-ESM1-5,Inc,Correlation_npp,-0.0251804251261605
341,MLD,ACCESS-ESM1-5,Dec,Correlation_npp,-0.56216267768998
342,Nitrate,ACCESS-ESM1-5,Inc,Correlation_npp,-0.2826802311078154
343,Nitrate,ACCESS-ESM1-5,Dec,Correlation_npp,0.1093879804171838
344,PAR,ACCESS-ESM1-5,Inc,Correlation_npp,0.3646186875759097
345,PAR,ACCESS-ESM1-5,Dec,Correlation_npp,0.4223512900941846
346,Sea ice fraction,ACCESS-ESM1-5,Inc,Correlation_npp,0.2731902028641144
347,Sea ice fraction,ACCESS-ESM1-5,Dec,Correlation_npp,-0.3608235380357454
348,SST,ACCESS-ESM1-5,Inc,Correlation_npp,-0.2849460337259363
349,SST,ACCESS-ESM1-5,Dec,Correlation_npp,0.4945011529712271
350,Iron,CMCC-ESM2,Inc,Correlation_npp,0.1323082484685672
351,Iron,CMCC-ESM2,Dec,Correlation_npp,0.2138646472485568
352,NPP,CMCC-ESM2,Inc,Correlation_npp,
353,NPP,CMCC-ESM2,Dec,Correlation_npp,
354,Diatom,CMCC-ESM2,Inc,Correlation_npp,0.9981528844320792
355,Diatom,CMCC-ESM2,Dec,Correlation_npp,0.9916952339765212
356,MLD,CMCC-ESM2,Inc,Correlation_npp,-0.0427104861617188
357,MLD,CMCC-ESM2,Dec,Correlation_npp,-0.0991210645464935
358,Nitrate,CMCC-ESM2,Inc,Correlation_npp,0.0859365106437611
359,Nitrate,CMCC-ESM2,Dec,Correlation_npp,0.034747286036345
360,PAR,CMCC-ESM2,Inc,Correlation_npp,0.9572949875593314
361,PAR,CMCC-ESM2,Dec,Correlation_npp,0.4759166173742807
362,Sea ice fraction,CMCC-ESM2,Inc,Correlation_npp,0.0600819419067357
363,Sea ice fraction,CMCC-ESM2,Dec,Correlation_npp,0.3086263395621562
364,SST,CMCC-ESM2,Inc,Correlation_npp,-0.0306976643227965
365,SST,CMCC-ESM2,Dec,Correlation_npp,-0.3017249533137424
366,NPP,EC-Earth3-CC,Inc,Correlation_npp,
367,NPP,EC-Earth3-CC,Dec,Correlation_npp,
368,Diatom,EC-Earth3-CC,Inc,Correlation_npp,0.9253476721325328
369,Diatom,EC-Earth3-CC,Dec,Correlation_npp,0.602303882945913
370,MLD,EC-Earth3-CC,Inc,Correlation_npp,0.4687386531847819
371,MLD,EC-Earth3-CC,Dec,Correlation_npp,0.1854267690369437
372,Nitrate,EC-Earth3-CC,Inc,Correlation_npp,0.1964328267969972
373,Nitrate,EC-Earth3-CC,Dec,Correlation_npp,-0.2790951965293528
374,PAR,EC-Earth3-CC,Inc,Correlation_npp,0.869831781027272
375,PAR,EC-Earth3-CC,Dec,Correlation_npp,0.6229568508266358
376,Sea ice fraction,EC-Earth3-CC,Inc,Correlation_npp,0.1034111850529706
377,Sea ice fraction,EC-Earth3-CC,Dec,Correlation_npp,0.2925910232284314
378,SST,EC-Earth3-CC,Inc,Correlation_npp,0.4463996632012282
379,SST,EC-Earth3-CC,Dec,Correlation_npp,0.1290609653968238
380,Iron,IPSL-CM6A-LR,Inc,Correlation_npp,-0.0371574615881449
381,Iron,IPSL-CM6A-LR,Dec,Correlation_npp,-0.2773281980572489
382,NPP,IPSL-CM6A-LR,Inc,Correlation_npp,
383,NPP,IPSL-CM6A-LR,Dec,Correlation_npp,
384,Diatom,IPSL-CM6A-LR,Inc,Correlation_npp,0.9740336169417786
385,Diatom,IPSL-CM6A-LR,Dec,Correlation_npp,0.3373052149279294
386,MLD,IPSL-CM6A-LR,Inc,Correlation_npp,-0.2623612123441713
387,MLD,IPSL-CM6A-LR,Dec,Correlation_npp,0.2440745903489814
388,Nitrate,IPSL-CM6A-LR,Inc,Correlation_npp,-0.562105014149472
389,Nitrate,IPSL-CM6A-LR,Dec,Correlation_npp,0.0156504326723331
390,PAR,IPSL-CM6A-LR,Inc,Correlation_npp,0.8593615265056064
391,PAR,IPSL-CM6A-LR,Dec,Correlation_npp,0.6051671301984558
392,Sea ice fraction,IPSL-CM6A-LR,Inc,Correlation_npp,0.2986718619636689
393,Sea ice fraction,IPSL-CM6A-LR,Dec,Correlation_npp,-0.1537281837511119
394,SST,IPSL-CM6A-LR,Inc,Correlation_npp,-0.2572614148670333
395,SST,IPSL-CM6A-LR,Dec,Correlation_npp,0.2708498064019585
396,Iron,MPI-ESM1-2-HR,Inc,Correlation_npp,-0.6433025141906001
397,Iron,MPI-ESM1-2-HR,Dec,Correlation_npp,-0.5476811879605847
398,NPP,MPI-ESM1-2-HR,Inc,Correlation_npp,
399,NPP,MPI-ESM1-2-HR,Dec,Correlation_npp,
400,MLD,MPI-ESM1-2-HR,Inc,Correlation_npp,-0.0022017226307297
401,MLD,MPI-ESM1-2-HR,Dec,Correlation_npp,-0.0655597262765159
402,Nitrate,MPI-ESM1-2-HR,Inc,Correlation_npp,-0.6142729511697017
403,Nitrate,MPI-ESM1-2-HR,Dec,Correlation_npp,-0.5391480615622706
404,PAR,MPI-ESM1-2-HR,Inc,Correlation_npp,0.8302241422136483
405,PAR,MPI-ESM1-2-HR,Dec,Correlation_npp,0.3959852992402137
406,Sea ice fraction,MPI-ESM1-2-HR,Inc,Correlation_npp,0.283342263416168
407,Sea ice fraction,MPI-ESM1-2-HR,Dec,Correlation_npp,0.1342899603626782
408,SST,MPI-ESM1-2-HR,Inc,Correlation_npp,0.0624631175026696
409,SST,MPI-ESM1-2-HR,Dec,Correlation_npp,0.0726772988515
410,Export,EC-Earth3-CC,Inc,Correlation_npp,0.9294047569448036
411,Export,EC-Earth3-CC,Dec,Correlation_npp,0.6710878215664037
412,Export,MPI-ESM1-2-HR,Inc,Correlation_npp,0.8968037073191489
413,Export,MPI-ESM1-2-HR,Dec,Correlation_npp,0.7466073840051028
414,Export,ACCESS-ESM1-5,Inc,Correlation_npp,0.962277274071306
415,Export,ACCESS-ESM1-5,Dec,Correlation_npp,0.9739685807669184
416,Export,CMCC-ESM2,Inc,Correlation_npp,0.4163048244067389
417,Export,CMCC-ESM2,Dec,Correlation_npp,0.5434131092148411
418,Export,IPSL-CM6A-LR,Inc,Correlation_npp,0.9741682553463296
419,Export,IPSL-CM6A-LR,Dec,Correlation_npp,0.5852988840211527
420,Iron,ACCESS-ESM1-5,Inc,Correlation_npp_k,0.0885297253659266
421,Iron,ACCESS-ESM1-5,Dec,Correlation_npp_k,0.5295467584624212
422,NPP,ACCESS-ESM1-5,Inc,Correlation_npp_k,
423,NPP,ACCESS-ESM1-5,Dec,Correlation_npp_k,
424,MLD,ACCESS-ESM1-5,Inc,Correlation_npp_k,-0.230919887778482
425,MLD,ACCESS-ESM1-5,Dec,Correlation_npp_k,-0.3843947217441193
426,Nitrate,ACCESS-ESM1-5,Inc,Correlation_npp_k,-0.3559035112412425
427,Nitrate,ACCESS-ESM1-5,Dec,Correlation_npp_k,0.0045897877223178
428,PAR,ACCESS-ESM1-5,Inc,Correlation_npp_k,0.7168183390620059
429,PAR,ACCESS-ESM1-5,Dec,Correlation_npp_k,0.2088353413654618
430,Sea ice fraction,ACCESS-ESM1-5,Inc,Correlation_npp_k,0.4569786725147191
431,Sea ice fraction,ACCESS-ESM1-5,Dec,Correlation_npp_k,-0.4348823866896156
432,SST,ACCESS-ESM1-5,Inc,Correlation_npp_k,-0.157196816815411
433,SST,ACCESS-ESM1-5,Dec,Correlation_npp_k,0.4394721744119334
434,Iron,CMCC-ESM2,Inc,Correlation_npp_k,0.2647619918303189
435,Iron,CMCC-ESM2,Dec,Correlation_npp_k,0.1533910786051271
436,NPP,CMCC-ESM2,Inc,Correlation_npp_k,
437,NPP,CMCC-ESM2,Dec,Correlation_npp_k,
438,Diatom,CMCC-ESM2,Inc,Correlation_npp_k,0.9172423831913498
439,Diatom,CMCC-ESM2,Dec,Correlation_npp_k,0.9061387905183724
440,MLD,CMCC-ESM2,Inc,Correlation_npp_k,0.0092788074523184
441,MLD,CMCC-ESM2,Dec,Correlation_npp_k,-0.0490132981985081
442,Nitrate,CMCC-ESM2,Inc,Correlation_npp_k,0.1492142518074345
443,Nitrate,CMCC-ESM2,Dec,Correlation_npp_k,0.0851777126838093
444,PAR,CMCC-ESM2,Inc,Correlation_npp_k,0.4069986684242731
445,PAR,CMCC-ESM2,Dec,Correlation_npp_k,0.2765532562841666
446,Sea ice fraction,CMCC-ESM2,Inc,Correlation_npp_k,0.1394950948119681
447,Sea ice fraction,CMCC-ESM2,Dec,Correlation_npp_k,0.2496512640840961
448,SST,CMCC-ESM2,Inc,Correlation_npp_k,-0.0721895289442764
449,SST,CMCC-ESM2,Dec,Correlation_npp_k,-0.131103328293917
450,NPP,EC-Earth3-CC,Inc,Correlation_npp_k,
451,NPP,EC-Earth3-CC,Dec,Correlation_npp_k,
452,Diatom,EC-Earth3-CC,Inc,Correlation_npp_k,0.6989007229432178
453,Diatom,EC-Earth3-CC,Dec,Correlation_npp_k,0.3922621704511094
454,MLD,EC-Earth3-CC,Inc,Correlation_npp_k,0.3652212202022847
455,MLD,EC-Earth3-CC,Dec,Correlation_npp_k,0.0743525239788792
456,Nitrate,EC-Earth3-CC,Inc,Correlation_npp_k,0.070218889234413
457,Nitrate,EC-Earth3-CC,Dec,Correlation_npp_k,-0.2175572911631427
458,PAR,EC-Earth3-CC,Inc,Correlation_npp_k,0.6564084721574731
459,PAR,EC-Earth3-CC,Dec,Correlation_npp_k,0.439654268065666
460,Sea ice fraction,EC-Earth3-CC,Inc,Correlation_npp_k,0.2157136300670641
461,Sea ice fraction,EC-Earth3-CC,Dec,Correlation_npp_k,0.2203073579928391
462,SST,EC-Earth3-CC,Inc,Correlation_npp_k,0.2633727420065699
463,SST,EC-Earth3-CC,Dec,Correlation_npp_k,0.1388358081854215
464,Iron,IPSL-CM6A-LR,Inc,Correlation_npp_k,-0.1049174163084848
465,Iron,IPSL-CM6A-LR,Dec,Correlation_npp_k,-0.1637199477655015
466,NPP,IPSL-CM6A-LR,Inc,Correlation_npp_k,
467,NPP,IPSL-CM6A-LR,Dec,Correlation_npp_k,
468,Diatom,IPSL-CM6A-LR,Inc,Correlation_npp_k,0.4424333124917673
469,Diatom,IPSL-CM6A-LR,Dec,Correlation_npp_k,0.2486049023064911
470,MLD,IPSL-CM6A-LR,Inc,Correlation_npp_k,-0.1485442936568537
471,MLD,IPSL-CM6A-LR,Dec,Correlation_npp_k,0.2204028387839787
472,Nitrate,IPSL-CM6A-LR,Inc,Correlation_npp_k,-0.2994066148460036
473,Nitrate,IPSL-CM6A-LR,Dec,Correlation_npp_k,0.0214246045228962
474,PAR,IPSL-CM6A-LR,Inc,Correlation_npp_k,0.6232777469421461
475,PAR,IPSL-CM6A-LR,Dec,Correlation_npp_k,0.3490764582244546
476,Sea ice fraction,IPSL-CM6A-LR,Inc,Correlation_npp_k,0.1855230725154675
477,Sea ice fraction,IPSL-CM6A-LR,Dec,Correlation_npp_k,-0.0467073036112782
478,SST,IPSL-CM6A-LR,Inc,Correlation_npp_k,-0.0737386601206305
479,SST,IPSL-CM6A-LR,Dec,Correlation_npp_k,0.1923829692974496
480,Iron,MPI-ESM1-2-HR,Inc,Correlation_npp_k,-0.5263439036082096
481,Iron,MPI-ESM1-2-HR,Dec,Correlation_npp_k,-0.3525443771017458
482,NPP,MPI-ESM1-2-HR,Inc,Correlation_npp_k,
483,NPP,MPI-ESM1-2-HR,Dec,Correlation_npp_k,
484,MLD,MPI-ESM1-2-HR,Inc,Correlation_npp_k,-0.0688457922962325
485,MLD,MPI-ESM1-2-HR,Dec,Correlation_npp_k,-0.0679773605724703
486,Nitrate,MPI-ESM1-2-HR,Inc,Correlation_npp_k,-0.5032659157932888
487,Nitrate,MPI-ESM1-2-HR,Dec,Correlation_npp_k,-0.3488861939404596
488,PAR,MPI-ESM1-2-HR,Inc,Correlation_npp_k,0.596319840029588
489,PAR,MPI-ESM1-2-HR,Dec,Correlation_npp_k,0.2024807170857714
490,Sea ice fraction,MPI-ESM1-2-HR,Inc,Correlation_npp_k,0.1573031081644665
491,Sea ice fraction,MPI-ESM1-2-HR,Dec,Correlation_npp_k,0.0128846618058236
492,SST,MPI-ESM1-2-HR,Inc,Correlation_npp_k,0.0815413689345634
493,SST,MPI-ESM1-2-HR,Dec,Correlation_npp_k,0.0729948025330034
494,Export,EC-Earth3-CC,Inc,Correlation_npp_k,0.7172264069357778
495,Export,EC-Earth3-CC,Dec,Correlation_npp_k,0.4347114077369917
496,Export,MPI-ESM1-2-HR,Inc,Correlation_npp_k,0.7098263026969485
497,Export,MPI-ESM1-2-HR,Dec,Correlation_npp_k,0.5876226387851524
498,Export,ACCESS-ESM1-5,Inc,Correlation_npp_k,0.9193237996448952
499,Export,ACCESS-ESM1-5,Dec,Correlation_npp_k,0.8668961560527826
500,Export,CMCC-ESM2,Inc,Correlation_npp_k,0.5662370857565935
501,Export,CMCC-ESM2,Dec,Correlation_npp_k,0.3576038589374879
502,Export,IPSL-CM6A-LR,Inc,Correlation_npp_k,0.5616033290130259
503,Export,IPSL-CM6A-LR,Dec,Correlation_npp_k,0.4159083249073138
